timestamp,converged,total_load_kw,total_losses_kw,total_bdwpt_kw,bdwpt_charging_kw,bdwpt_discharging_kw,voltage_bus_650,voltage_bus_632,voltage_bus_670,voltage_bus_671,voltage_bus_680,voltage_bus_633,voltage_bus_645,voltage_bus_646,voltage_bus_692,voltage_bus_675,voltage_bus_684,voltage_bus_611,voltage_bus_652,voltage_bus_634,bdwpt_node_632_kw,bdwpt_node_633_kw,bdwpt_node_634_kw,bdwpt_node_645_kw,bdwpt_node_646_kw,bdwpt_node_671_kw,bdwpt_node_675_kw,bdwpt_node_680_kw,vehicles_G2V,vehicles_V2G,vehicles_idle,net_load
2024-01-01 00:00:00,1,-537.824194687634,5.3956175716504164,0,0,0,0.9998374988161277,0.9998143868064703,0.9996879005165904,0.991954180247569,0.9902909169014251,0.9836658113277,0.9892750652401102,0.9876219739581967,0.9809929566755696,0.9839371489142924,0.9823045804324917,0.9756677944121438,0.9839372244136124,0.9823046558482542,0,0,0,0,0,0,0,0,0,0,0,-537.824194687634
2024-01-01 00:15:00,1,-537.8242105207247,5.395617876775153,0,0,0,0.9998374988092943,0.9998143867994836,0.9996879005099213,0.991954179896135,0.9902909165451467,0.9836658109863113,0.989275064774715,0.9876219734865591,0.9809929562227744,0.9839371482225318,0.9823045797316587,0.9756677937380602,0.9839372237218517,0.9823046551474213,0,0,0,0,0,0,0,0,0,0,0,-537.8242105207247
2024-01-01 00:30:00,1,-537.824210537594,5.395617877259817,0,0,0,0.999837498809287,0.9998143867994763,0.999687900509914,0.9919541798957677,0.9902909165447732,0.9836658109859422,0.9892750647742283,0.9876219734860646,0.9809929562222849,0.9839371482218079,0.9823045797309239,0.9756677937373309,0.9839372237211279,0.9823046551466865,0,0,0,0,0,0,0,0,0,0,0,-537.824210537594
2024-01-01 00:45:00,1,-537.8242105376546,5.3956178782277675,0,0,0,0.999837498809287,0.9998143867994763,0.999687900509914,0.9919541798957675,0.990290916544773,0.9836658109859422,0.9892750647742281,0.9876219734860644,0.9809929562222846,0.9839371482218074,0.9823045797309233,0.9756677937373304,0.9839372237211277,0.9823046551466859,0,0,0,0,0,0,0,0,0,0,0,-537.8242105376546
2024-01-01 01:00:00,1,-537.8242105376546,5.3956178782277675,0,0,0,0.999837498809287,0.9998143867994763,0.999687900509914,0.9919541798957675,0.990290916544773,0.9836658109859422,0.9892750647742281,0.9876219734860644,0.9809929562222846,0.9839371482218074,0.9823045797309233,0.9756677937373304,0.9839372237211277,0.9823046551466859,0,0,0,0,0,0,0,0,0,0,0,-537.8242105376546
2024-01-01 01:15:00,1,-537.8242105376546,5.3956178782277675,0,0,0,0.999837498809287,0.9998143867994763,0.999687900509914,0.9919541798957675,0.990290916544773,0.9836658109859422,0.9892750647742281,0.9876219734860644,0.9809929562222846,0.9839371482218074,0.9823045797309233,0.9756677937373304,0.9839372237211277,0.9823046551466859,0,0,0,0,0,0,0,0,0,0,0,-537.8242105376546
2024-01-01 01:30:00,1,-537.8242105376546,5.3956178782277675,0,0,0,0.999837498809287,0.9998143867994763,0.999687900509914,0.9919541798957675,0.990290916544773,0.9836658109859422,0.9892750647742281,0.9876219734860644,0.9809929562222846,0.9839371482218074,0.9823045797309233,0.9756677937373304,0.9839372237211277,0.9823046551466859,0,0,0,0,0,0,0,0,0,0,0,-537.8242105376546
2024-01-01 01:45:00,1,-537.8242105376546,5.3956178782277675,0,0,0,0.999837498809287,0.9998143867994763,0.999687900509914,0.9919541798957675,0.990290916544773,0.9836658109859422,0.9892750647742281,0.9876219734860644,0.9809929562222846,0.9839371482218074,0.9823045797309233,0.9756677937373304,0.9839372237211277,0.9823046551466859,0,0,0,0,0,0,0,0,0,0,0,-537.8242105376546
2024-01-01 02:00:00,1,-537.8242105376546,5.3956178782277675,0,0,0,0.999837498809287,0.9998143867994763,0.999687900509914,0.9919541798957675,0.990290916544773,0.9836658109859422,0.9892750647742281,0.9876219734860644,0.9809929562222846,0.9839371482218074,0.9823045797309233,0.9756677937373304,0.9839372237211277,0.9823046551466859,0,0,0,0,0,0,0,0,0,0,0,-537.8242105376546
2024-01-01 02:15:00,1,-537.8242105376546,5.3956178782277675,0,0,0,0.999837498809287,0.9998143867994763,0.999687900509914,0.9919541798957675,0.990290916544773,0.9836658109859422,0.9892750647742281,0.9876219734860644,0.9809929562222846,0.9839371482218074,0.9823045797309233,0.9756677937373304,0.9839372237211277,0.9823046551466859,0,0,0,0,0,0,0,0,0,0,0,-537.8242105376546
2024-01-01 02:30:00,1,-537.8242105376546,5.3956178782277675,0,0,0,0.999837498809287,0.9998143867994763,0.999687900509914,0.9919541798957675,0.990290916544773,0.9836658109859422,0.9892750647742281,0.9876219734860644,0.9809929562222846,0.9839371482218074,0.9823045797309233,0.9756677937373304,0.9839372237211277,0.9823046551466859,0,0,0,0,0,0,0,0,0,0,0,-537.8242105376546
2024-01-01 02:45:00,1,-537.8242105376546,5.3956178782277675,0,0,0,0.999837498809287,0.9998143867994763,0.999687900509914,0.9919541798957675,0.990290916544773,0.9836658109859422,0.9892750647742281,0.9876219734860644,0.9809929562222846,0.9839371482218074,0.9823045797309233,0.9756677937373304,0.9839372237211277,0.9823046551466859,0,0,0,0,0,0,0,0,0,0,0,-537.8242105376546
2024-01-01 03:00:00,1,-537.8242105376546,5.3956178782277675,0,0,0,0.999837498809287,0.9998143867994763,0.999687900509914,0.9919541798957675,0.990290916544773,0.9836658109859422,0.9892750647742281,0.9876219734860644,0.9809929562222846,0.9839371482218074,0.9823045797309233,0.9756677937373304,0.9839372237211277,0.9823046551466859,0,0,0,0,0,0,0,0,0,0,0,-537.8242105376546
2024-01-01 03:15:00,1,-537.8242105376546,5.3956178782277675,0,0,0,0.999837498809287,0.9998143867994763,0.999687900509914,0.9919541798957675,0.990290916544773,0.9836658109859422,0.9892750647742281,0.9876219734860644,0.9809929562222846,0.9839371482218074,0.9823045797309233,0.9756677937373304,0.9839372237211277,0.9823046551466859,0,0,0,0,0,0,0,0,0,0,0,-537.8242105376546
2024-01-01 03:30:00,1,-537.8242105376546,5.3956178782277675,0,0,0,0.999837498809287,0.9998143867994763,0.999687900509914,0.9919541798957675,0.990290916544773,0.9836658109859422,0.9892750647742281,0.9876219734860644,0.9809929562222846,0.9839371482218074,0.9823045797309233,0.9756677937373304,0.9839372237211277,0.9823046551466859,0,0,0,0,0,0,0,0,0,0,0,-537.8242105376546
2024-01-01 03:45:00,1,-537.8242105376546,5.3956178782277675,0,0,0,0.999837498809287,0.9998143867994763,0.999687900509914,0.9919541798957675,0.990290916544773,0.9836658109859422,0.9892750647742281,0.9876219734860644,0.9809929562222846,0.9839371482218074,0.9823045797309233,0.9756677937373304,0.9839372237211277,0.9823046551466859,0,0,0,0,0,0,0,0,0,0,0,-537.8242105376546
2024-01-01 04:00:00,1,-537.8242105376546,5.3956178782277675,0,0,0,0.999837498809287,0.9998143867994763,0.999687900509914,0.9919541798957675,0.990290916544773,0.9836658109859422,0.9892750647742281,0.9876219734860644,0.9809929562222846,0.9839371482218074,0.9823045797309233,0.9756677937373304,0.9839372237211277,0.9823046551466859,0,0,0,0,0,0,0,0,0,0,0,-537.8242105376546
2024-01-01 04:15:00,1,-537.8242105376546,5.3956178782277675,0,0,0,0.999837498809287,0.9998143867994763,0.999687900509914,0.9919541798957675,0.990290916544773,0.9836658109859422,0.9892750647742281,0.9876219734860644,0.9809929562222846,0.9839371482218074,0.9823045797309233,0.9756677937373304,0.9839372237211277,0.9823046551466859,0,0,0,0,0,0,0,0,0,0,0,-537.8242105376546
2024-01-01 04:30:00,1,-537.8242105376546,5.3956178782277675,0,0,0,0.999837498809287,0.9998143867994763,0.999687900509914,0.9919541798957675,0.990290916544773,0.9836658109859422,0.9892750647742281,0.9876219734860644,0.9809929562222846,0.9839371482218074,0.9823045797309233,0.9756677937373304,0.9839372237211277,0.9823046551466859,0,0,0,0,0,0,0,0,0,0,0,-537.8242105376546
2024-01-01 04:45:00,1,-537.8242105376546,5.3956178782277675,0,0,0,0.999837498809287,0.9998143867994763,0.999687900509914,0.9919541798957675,0.990290916544773,0.9836658109859422,0.9892750647742281,0.9876219734860644,0.9809929562222846,0.9839371482218074,0.9823045797309233,0.9756677937373304,0.9839372237211277,0.9823046551466859,0,0,0,0,0,0,0,0,0,0,0,-537.8242105376546
2024-01-01 05:00:00,1,-537.8242105376546,5.3956178782277675,0,0,0,0.999837498809287,0.9998143867994763,0.999687900509914,0.9919541798957675,0.990290916544773,0.9836658109859422,0.9892750647742281,0.9876219734860644,0.9809929562222846,0.9839371482218074,0.9823045797309233,0.9756677937373304,0.9839372237211277,0.9823046551466859,0,0,0,0,0,0,0,0,0,0,0,-537.8242105376546
2024-01-01 05:15:00,1,-537.8242105376546,5.3956178782277675,0,0,0,0.999837498809287,0.9998143867994763,0.999687900509914,0.9919541798957675,0.990290916544773,0.9836658109859422,0.9892750647742281,0.9876219734860644,0.9809929562222846,0.9839371482218074,0.9823045797309233,0.9756677937373304,0.9839372237211277,0.9823046551466859,0,0,0,0,0,0,0,0,0,0,0,-537.8242105376546
2024-01-01 05:30:00,1,-537.8242105376546,5.3956178782277675,0,0,0,0.999837498809287,0.9998143867994763,0.999687900509914,0.9919541798957675,0.990290916544773,0.9836658109859422,0.9892750647742281,0.9876219734860644,0.9809929562222846,0.9839371482218074,0.9823045797309233,0.9756677937373304,0.9839372237211277,0.9823046551466859,0,0,0,0,0,0,0,0,0,0,0,-537.8242105376546
2024-01-01 05:45:00,1,-537.8242105376546,5.3956178782277675,0,0,0,0.999837498809287,0.9998143867994763,0.999687900509914,0.9919541798957675,0.990290916544773,0.9836658109859422,0.9892750647742281,0.9876219734860644,0.9809929562222846,0.9839371482218074,0.9823045797309233,0.9756677937373304,0.9839372237211277,0.9823046551466859,0,0,0,0,0,0,0,0,0,0,0,-537.8242105376546
2024-01-01 06:00:00,1,-537.8242105376546,5.3956178782277675,0,0,0,0.999837498809287,0.9998143867994763,0.999687900509914,0.9919541798957675,0.990290916544773,0.9836658109859422,0.9892750647742281,0.9876219734860644,0.9809929562222846,0.9839371482218074,0.9823045797309233,0.9756677937373304,0.9839372237211277,0.9823046551466859,0,0,0,0,0,0,0,0,0,0,0,-537.8242105376546
2024-01-01 06:15:00,1,-537.8242105376546,5.3956178782277675,0,0,0,0.999837498809287,0.9998143867994763,0.999687900509914,0.9919541798957675,0.990290916544773,0.9836658109859422,0.9892750647742281,0.9876219734860644,0.9809929562222846,0.9839371482218074,0.9823045797309233,0.9756677937373304,0.9839372237211277,0.9823046551466859,0,0,0,0,0,0,0,0,0,0,0,-537.8242105376546
2024-01-01 06:30:00,1,-537.8242105376546,5.3956178782277675,0,0,0,0.999837498809287,0.9998143867994763,0.999687900509914,0.9919541798957675,0.990290916544773,0.9836658109859422,0.9892750647742281,0.9876219734860644,0.9809929562222846,0.9839371482218074,0.9823045797309233,0.9756677937373304,0.9839372237211277,0.9823046551466859,0,0,0,0,0,0,0,0,0,0,0,-537.8242105376546
2024-01-01 06:45:00,1,-537.8242105376546,5.3956178782277675,0,0,0,0.999837498809287,0.9998143867994763,0.999687900509914,0.9919541798957675,0.990290916544773,0.9836658109859422,0.9892750647742281,0.9876219734860644,0.9809929562222846,0.9839371482218074,0.9823045797309233,0.9756677937373304,0.9839372237211277,0.9823046551466859,0,0,0,0,0,0,0,0,0,0,0,-537.8242105376546
2024-01-01 07:00:00,1,-537.8242105376546,5.3956178782277675,0,0,0,0.999837498809287,0.9998143867994763,0.999687900509914,0.9919541798957675,0.990290916544773,0.9836658109859422,0.9892750647742281,0.9876219734860644,0.9809929562222846,0.9839371482218074,0.9823045797309233,0.9756677937373304,0.9839372237211277,0.9823046551466859,0,0,0,0,0,0,0,0,0,0,0,-537.8242105376546
2024-01-01 07:15:00,1,-537.8242105376546,5.3956178782277675,0,0,0,0.999837498809287,0.9998143867994763,0.999687900509914,0.9919541798957675,0.990290916544773,0.9836658109859422,0.9892750647742281,0.9876219734860644,0.9809929562222846,0.9839371482218074,0.9823045797309233,0.9756677937373304,0.9839372237211277,0.9823046551466859,0,0,0,0,0,0,0,0,0,0,0,-537.8242105376546
2024-01-01 07:30:00,1,-537.8242105376546,5.3956178782277675,0,0,0,0.999837498809287,0.9998143867994763,0.999687900509914,0.9919541798957675,0.990290916544773,0.9836658109859422,0.9892750647742281,0.9876219734860644,0.9809929562222846,0.9839371482218074,0.9823045797309233,0.9756677937373304,0.9839372237211277,0.9823046551466859,0,0,0,0,0,0,0,0,0,0,0,-537.8242105376546
2024-01-01 07:45:00,1,-537.8242105376546,5.3956178782277675,0,0,0,0.999837498809287,0.9998143867994763,0.999687900509914,0.9919541798957675,0.990290916544773,0.9836658109859422,0.9892750647742281,0.9876219734860644,0.9809929562222846,0.9839371482218074,0.9823045797309233,0.9756677937373304,0.9839372237211277,0.9823046551466859,0,0,0,0,0,0,0,0,0,0,0,-537.8242105376546
2024-01-01 08:00:00,1,-537.8242105376546,5.3956178782277675,0,0,0,0.999837498809287,0.9998143867994763,0.999687900509914,0.9919541798957675,0.990290916544773,0.9836658109859422,0.9892750647742281,0.9876219734860644,0.9809929562222846,0.9839371482218074,0.9823045797309233,0.9756677937373304,0.9839372237211277,0.9823046551466859,0,0,0,0,0,0,0,0,0,0,0,-537.8242105376546
2024-01-01 08:15:00,1,-537.8242105376546,5.3956178782277675,0,0,0,0.999837498809287,0.9998143867994763,0.999687900509914,0.9919541798957675,0.990290916544773,0.9836658109859422,0.9892750647742281,0.9876219734860644,0.9809929562222846,0.9839371482218074,0.9823045797309233,0.9756677937373304,0.9839372237211277,0.9823046551466859,0,0,0,0,0,0,0,0,0,0,0,-537.8242105376546
2024-01-01 08:30:00,1,-537.8242105376546,5.3956178782277675,0,0,0,0.999837498809287,0.9998143867994763,0.999687900509914,0.9919541798957675,0.990290916544773,0.9836658109859422,0.9892750647742281,0.9876219734860644,0.9809929562222846,0.9839371482218074,0.9823045797309233,0.9756677937373304,0.9839372237211277,0.9823046551466859,0,0,0,0,0,0,0,0,0,0,0,-537.8242105376546
2024-01-01 08:45:00,1,-537.8242105376546,5.3956178782277675,0,0,0,0.999837498809287,0.9998143867994763,0.999687900509914,0.9919541798957675,0.990290916544773,0.9836658109859422,0.9892750647742281,0.9876219734860644,0.9809929562222846,0.9839371482218074,0.9823045797309233,0.9756677937373304,0.9839372237211277,0.9823046551466859,0,0,0,0,0,0,0,0,0,0,0,-537.8242105376546
2024-01-01 09:00:00,1,-537.8242105376546,5.3956178782277675,0,0,0,0.999837498809287,0.9998143867994763,0.999687900509914,0.9919541798957675,0.990290916544773,0.9836658109859422,0.9892750647742281,0.9876219734860644,0.9809929562222846,0.9839371482218074,0.9823045797309233,0.9756677937373304,0.9839372237211277,0.9823046551466859,0,0,0,0,0,0,0,0,0,0,0,-537.8242105376546
2024-01-01 09:15:00,1,-537.8242105376546,5.3956178782277675,0,0,0,0.999837498809287,0.9998143867994763,0.999687900509914,0.9919541798957675,0.990290916544773,0.9836658109859422,0.9892750647742281,0.9876219734860644,0.9809929562222846,0.9839371482218074,0.9823045797309233,0.9756677937373304,0.9839372237211277,0.9823046551466859,0,0,0,0,0,0,0,0,0,0,0,-537.8242105376546
2024-01-01 09:30:00,1,-537.8242105376546,5.3956178782277675,0,0,0,0.999837498809287,0.9998143867994763,0.999687900509914,0.9919541798957675,0.990290916544773,0.9836658109859422,0.9892750647742281,0.9876219734860644,0.9809929562222846,0.9839371482218074,0.9823045797309233,0.9756677937373304,0.9839372237211277,0.9823046551466859,0,0,0,0,0,0,0,0,0,0,0,-537.8242105376546
2024-01-01 09:45:00,1,-537.8242105376546,5.3956178782277675,0,0,0,0.999837498809287,0.9998143867994763,0.999687900509914,0.9919541798957675,0.990290916544773,0.9836658109859422,0.9892750647742281,0.9876219734860644,0.9809929562222846,0.9839371482218074,0.9823045797309233,0.9756677937373304,0.9839372237211277,0.9823046551466859,0,0,0,0,0,0,0,0,0,0,0,-537.8242105376546
2024-01-01 10:00:00,1,-537.8242105376546,5.3956178782277675,0,0,0,0.999837498809287,0.9998143867994763,0.999687900509914,0.9919541798957675,0.990290916544773,0.9836658109859422,0.9892750647742281,0.9876219734860644,0.9809929562222846,0.9839371482218074,0.9823045797309233,0.9756677937373304,0.9839372237211277,0.9823046551466859,0,0,0,0,0,0,0,0,0,0,0,-537.8242105376546
2024-01-01 10:15:00,1,-537.8242105376546,5.3956178782277675,0,0,0,0.999837498809287,0.9998143867994763,0.999687900509914,0.9919541798957675,0.990290916544773,0.9836658109859422,0.9892750647742281,0.9876219734860644,0.9809929562222846,0.9839371482218074,0.9823045797309233,0.9756677937373304,0.9839372237211277,0.9823046551466859,0,0,0,0,0,0,0,0,0,0,0,-537.8242105376546
2024-01-01 10:30:00,1,-537.8242105376546,5.3956178782277675,0,0,0,0.999837498809287,0.9998143867994763,0.999687900509914,0.9919541798957675,0.990290916544773,0.9836658109859422,0.9892750647742281,0.9876219734860644,0.9809929562222846,0.9839371482218074,0.9823045797309233,0.9756677937373304,0.9839372237211277,0.9823046551466859,0,0,0,0,0,0,0,0,0,0,0,-537.8242105376546
2024-01-01 10:45:00,1,-537.8242105376546,5.3956178782277675,0,0,0,0.999837498809287,0.9998143867994763,0.999687900509914,0.9919541798957675,0.990290916544773,0.9836658109859422,0.9892750647742281,0.9876219734860644,0.9809929562222846,0.9839371482218074,0.9823045797309233,0.9756677937373304,0.9839372237211277,0.9823046551466859,0,0,0,0,0,0,0,0,0,0,0,-537.8242105376546
2024-01-01 11:00:00,1,-537.8242105376546,5.3956178782277675,0,0,0,0.999837498809287,0.9998143867994763,0.999687900509914,0.9919541798957675,0.990290916544773,0.9836658109859422,0.9892750647742281,0.9876219734860644,0.9809929562222846,0.9839371482218074,0.9823045797309233,0.9756677937373304,0.9839372237211277,0.9823046551466859,0,0,0,0,0,0,0,0,0,0,0,-537.8242105376546
2024-01-01 11:15:00,1,-537.8242105376546,5.3956178782277675,0,0,0,0.999837498809287,0.9998143867994763,0.999687900509914,0.9919541798957675,0.990290916544773,0.9836658109859422,0.9892750647742281,0.9876219734860644,0.9809929562222846,0.9839371482218074,0.9823045797309233,0.9756677937373304,0.9839372237211277,0.9823046551466859,0,0,0,0,0,0,0,0,0,0,0,-537.8242105376546
2024-01-01 11:30:00,1,-537.8242105376546,5.3956178782277675,0,0,0,0.999837498809287,0.9998143867994763,0.999687900509914,0.9919541798957675,0.990290916544773,0.9836658109859422,0.9892750647742281,0.9876219734860644,0.9809929562222846,0.9839371482218074,0.9823045797309233,0.9756677937373304,0.9839372237211277,0.9823046551466859,0,0,0,0,0,0,0,0,0,0,0,-537.8242105376546
2024-01-01 11:45:00,1,-537.8242105376546,5.3956178782277675,0,0,0,0.999837498809287,0.9998143867994763,0.999687900509914,0.9919541798957675,0.990290916544773,0.9836658109859422,0.9892750647742281,0.9876219734860644,0.9809929562222846,0.9839371482218074,0.9823045797309233,0.9756677937373304,0.9839372237211277,0.9823046551466859,0,0,0,0,0,0,0,0,0,0,0,-537.8242105376546
2024-01-01 12:00:00,1,-537.8242105376546,5.3956178782277675,0,0,0,0.999837498809287,0.9998143867994763,0.999687900509914,0.9919541798957675,0.990290916544773,0.9836658109859422,0.9892750647742281,0.9876219734860644,0.9809929562222846,0.9839371482218074,0.9823045797309233,0.9756677937373304,0.9839372237211277,0.9823046551466859,0,0,0,0,0,0,0,0,0,0,0,-537.8242105376546
2024-01-01 12:15:00,1,-537.8242105376546,5.3956178782277675,0,0,0,0.999837498809287,0.9998143867994763,0.999687900509914,0.9919541798957675,0.990290916544773,0.9836658109859422,0.9892750647742281,0.9876219734860644,0.9809929562222846,0.9839371482218074,0.9823045797309233,0.9756677937373304,0.9839372237211277,0.9823046551466859,0,0,0,0,0,0,0,0,0,0,0,-537.8242105376546
2024-01-01 12:30:00,1,-537.8242105376546,5.3956178782277675,0,0,0,0.999837498809287,0.9998143867994763,0.999687900509914,0.9919541798957675,0.990290916544773,0.9836658109859422,0.9892750647742281,0.9876219734860644,0.9809929562222846,0.9839371482218074,0.9823045797309233,0.9756677937373304,0.9839372237211277,0.9823046551466859,0,0,0,0,0,0,0,0,0,0,0,-537.8242105376546
2024-01-01 12:45:00,1,-537.8242105376546,5.3956178782277675,0,0,0,0.999837498809287,0.9998143867994763,0.999687900509914,0.9919541798957675,0.990290916544773,0.9836658109859422,0.9892750647742281,0.9876219734860644,0.9809929562222846,0.9839371482218074,0.9823045797309233,0.9756677937373304,0.9839372237211277,0.9823046551466859,0,0,0,0,0,0,0,0,0,0,0,-537.8242105376546
2024-01-01 13:00:00,1,-537.8242105376546,5.3956178782277675,0,0,0,0.999837498809287,0.9998143867994763,0.999687900509914,0.9919541798957675,0.990290916544773,0.9836658109859422,0.9892750647742281,0.9876219734860644,0.9809929562222846,0.9839371482218074,0.9823045797309233,0.9756677937373304,0.9839372237211277,0.9823046551466859,0,0,0,0,0,0,0,0,0,0,0,-537.8242105376546
2024-01-01 13:15:00,1,-537.8242105376546,5.3956178782277675,0,0,0,0.999837498809287,0.9998143867994763,0.999687900509914,0.9919541798957675,0.990290916544773,0.9836658109859422,0.9892750647742281,0.9876219734860644,0.9809929562222846,0.9839371482218074,0.9823045797309233,0.9756677937373304,0.9839372237211277,0.9823046551466859,0,0,0,0,0,0,0,0,0,0,0,-537.8242105376546
2024-01-01 13:30:00,1,-537.8242105376546,5.3956178782277675,0,0,0,0.999837498809287,0.9998143867994763,0.999687900509914,0.9919541798957675,0.990290916544773,0.9836658109859422,0.9892750647742281,0.9876219734860644,0.9809929562222846,0.9839371482218074,0.9823045797309233,0.9756677937373304,0.9839372237211277,0.9823046551466859,0,0,0,0,0,0,0,0,0,0,0,-537.8242105376546
2024-01-01 13:45:00,1,-537.8242105376546,5.3956178782277675,0,0,0,0.999837498809287,0.9998143867994763,0.999687900509914,0.9919541798957675,0.990290916544773,0.9836658109859422,0.9892750647742281,0.9876219734860644,0.9809929562222846,0.9839371482218074,0.9823045797309233,0.9756677937373304,0.9839372237211277,0.9823046551466859,0,0,0,0,0,0,0,0,0,0,0,-537.8242105376546
2024-01-01 14:00:00,1,-537.8242105376546,5.3956178782277675,0,0,0,0.999837498809287,0.9998143867994763,0.999687900509914,0.9919541798957675,0.990290916544773,0.9836658109859422,0.9892750647742281,0.9876219734860644,0.9809929562222846,0.9839371482218074,0.9823045797309233,0.9756677937373304,0.9839372237211277,0.9823046551466859,0,0,0,0,0,0,0,0,0,0,0,-537.8242105376546
2024-01-01 14:15:00,1,-537.8242105376546,5.3956178782277675,0,0,0,0.999837498809287,0.9998143867994763,0.999687900509914,0.9919541798957675,0.990290916544773,0.9836658109859422,0.9892750647742281,0.9876219734860644,0.9809929562222846,0.9839371482218074,0.9823045797309233,0.9756677937373304,0.9839372237211277,0.9823046551466859,0,0,0,0,0,0,0,0,0,0,0,-537.8242105376546
2024-01-01 14:30:00,1,-537.8242105376546,5.3956178782277675,0,0,0,0.999837498809287,0.9998143867994763,0.999687900509914,0.9919541798957675,0.990290916544773,0.9836658109859422,0.9892750647742281,0.9876219734860644,0.9809929562222846,0.9839371482218074,0.9823045797309233,0.9756677937373304,0.9839372237211277,0.9823046551466859,0,0,0,0,0,0,0,0,0,0,0,-537.8242105376546
2024-01-01 14:45:00,1,-537.8242105376546,5.3956178782277675,0,0,0,0.999837498809287,0.9998143867994763,0.999687900509914,0.9919541798957675,0.990290916544773,0.9836658109859422,0.9892750647742281,0.9876219734860644,0.9809929562222846,0.9839371482218074,0.9823045797309233,0.9756677937373304,0.9839372237211277,0.9823046551466859,0,0,0,0,0,0,0,0,0,0,0,-537.8242105376546
2024-01-01 15:00:00,1,-537.8242105376546,5.3956178782277675,0,0,0,0.999837498809287,0.9998143867994763,0.999687900509914,0.9919541798957675,0.990290916544773,0.9836658109859422,0.9892750647742281,0.9876219734860644,0.9809929562222846,0.9839371482218074,0.9823045797309233,0.9756677937373304,0.9839372237211277,0.9823046551466859,0,0,0,0,0,0,0,0,0,0,0,-537.8242105376546
2024-01-01 15:15:00,1,-537.8242105376546,5.3956178782277675,0,0,0,0.999837498809287,0.9998143867994763,0.999687900509914,0.9919541798957675,0.990290916544773,0.9836658109859422,0.9892750647742281,0.9876219734860644,0.9809929562222846,0.9839371482218074,0.9823045797309233,0.9756677937373304,0.9839372237211277,0.9823046551466859,0,0,0,0,0,0,0,0,0,0,0,-537.8242105376546
2024-01-01 15:30:00,1,-537.8242105376546,5.3956178782277675,0,0,0,0.999837498809287,0.9998143867994763,0.999687900509914,0.9919541798957675,0.990290916544773,0.9836658109859422,0.9892750647742281,0.9876219734860644,0.9809929562222846,0.9839371482218074,0.9823045797309233,0.9756677937373304,0.9839372237211277,0.9823046551466859,0,0,0,0,0,0,0,0,0,0,0,-537.8242105376546
2024-01-01 15:45:00,1,-537.8242105376546,5.3956178782277675,0,0,0,0.999837498809287,0.9998143867994763,0.999687900509914,0.9919541798957675,0.990290916544773,0.9836658109859422,0.9892750647742281,0.9876219734860644,0.9809929562222846,0.9839371482218074,0.9823045797309233,0.9756677937373304,0.9839372237211277,0.9823046551466859,0,0,0,0,0,0,0,0,0,0,0,-537.8242105376546
2024-01-01 16:00:00,1,-537.8242105376546,5.3956178782277675,0,0,0,0.999837498809287,0.9998143867994763,0.999687900509914,0.9919541798957675,0.990290916544773,0.9836658109859422,0.9892750647742281,0.9876219734860644,0.9809929562222846,0.9839371482218074,0.9823045797309233,0.9756677937373304,0.9839372237211277,0.9823046551466859,0,0,0,0,0,0,0,0,0,0,0,-537.8242105376546
2024-01-01 16:15:00,1,-537.8242105376546,5.3956178782277675,0,0,0,0.999837498809287,0.9998143867994763,0.999687900509914,0.9919541798957675,0.990290916544773,0.9836658109859422,0.9892750647742281,0.9876219734860644,0.9809929562222846,0.9839371482218074,0.9823045797309233,0.9756677937373304,0.9839372237211277,0.9823046551466859,0,0,0,0,0,0,0,0,0,0,0,-537.8242105376546
2024-01-01 16:30:00,1,-537.8242105376546,5.3956178782277675,0,0,0,0.999837498809287,0.9998143867994763,0.999687900509914,0.9919541798957675,0.990290916544773,0.9836658109859422,0.9892750647742281,0.9876219734860644,0.9809929562222846,0.9839371482218074,0.9823045797309233,0.9756677937373304,0.9839372237211277,0.9823046551466859,0,0,0,0,0,0,0,0,0,0,0,-537.8242105376546
2024-01-01 16:45:00,1,-537.8242105376546,5.3956178782277675,0,0,0,0.999837498809287,0.9998143867994763,0.999687900509914,0.9919541798957675,0.990290916544773,0.9836658109859422,0.9892750647742281,0.9876219734860644,0.9809929562222846,0.9839371482218074,0.9823045797309233,0.9756677937373304,0.9839372237211277,0.9823046551466859,0,0,0,0,0,0,0,0,0,0,0,-537.8242105376546
2024-01-01 17:00:00,1,-537.8242105376546,5.3956178782277675,0,0,0,0.999837498809287,0.9998143867994763,0.999687900509914,0.9919541798957675,0.990290916544773,0.9836658109859422,0.9892750647742281,0.9876219734860644,0.9809929562222846,0.9839371482218074,0.9823045797309233,0.9756677937373304,0.9839372237211277,0.9823046551466859,0,0,0,0,0,0,0,0,0,0,0,-537.8242105376546
2024-01-01 17:15:00,1,-537.8242105376546,5.3956178782277675,0,0,0,0.999837498809287,0.9998143867994763,0.999687900509914,0.9919541798957675,0.990290916544773,0.9836658109859422,0.9892750647742281,0.9876219734860644,0.9809929562222846,0.9839371482218074,0.9823045797309233,0.9756677937373304,0.9839372237211277,0.9823046551466859,0,0,0,0,0,0,0,0,0,0,0,-537.8242105376546
2024-01-01 17:30:00,1,-537.8242105376546,5.3956178782277675,0,0,0,0.999837498809287,0.9998143867994763,0.999687900509914,0.9919541798957675,0.990290916544773,0.9836658109859422,0.9892750647742281,0.9876219734860644,0.9809929562222846,0.9839371482218074,0.9823045797309233,0.9756677937373304,0.9839372237211277,0.9823046551466859,0,0,0,0,0,0,0,0,0,0,0,-537.8242105376546
2024-01-01 17:45:00,1,-537.8242105376546,5.3956178782277675,0,0,0,0.999837498809287,0.9998143867994763,0.999687900509914,0.9919541798957675,0.990290916544773,0.9836658109859422,0.9892750647742281,0.9876219734860644,0.9809929562222846,0.9839371482218074,0.9823045797309233,0.9756677937373304,0.9839372237211277,0.9823046551466859,0,0,0,0,0,0,0,0,0,0,0,-537.8242105376546
2024-01-01 18:00:00,1,-537.8242105376546,5.3956178782277675,0,0,0,0.999837498809287,0.9998143867994763,0.999687900509914,0.9919541798957675,0.990290916544773,0.9836658109859422,0.9892750647742281,0.9876219734860644,0.9809929562222846,0.9839371482218074,0.9823045797309233,0.9756677937373304,0.9839372237211277,0.9823046551466859,0,0,0,0,0,0,0,0,0,0,0,-537.8242105376546
2024-01-01 18:15:00,1,-537.8242105376546,5.3956178782277675,0,0,0,0.999837498809287,0.9998143867994763,0.999687900509914,0.9919541798957675,0.990290916544773,0.9836658109859422,0.9892750647742281,0.9876219734860644,0.9809929562222846,0.9839371482218074,0.9823045797309233,0.9756677937373304,0.9839372237211277,0.9823046551466859,0,0,0,0,0,0,0,0,0,0,0,-537.8242105376546
2024-01-01 18:30:00,1,-537.8242105376546,5.3956178782277675,0,0,0,0.999837498809287,0.9998143867994763,0.999687900509914,0.9919541798957675,0.990290916544773,0.9836658109859422,0.9892750647742281,0.9876219734860644,0.9809929562222846,0.9839371482218074,0.9823045797309233,0.9756677937373304,0.9839372237211277,0.9823046551466859,0,0,0,0,0,0,0,0,0,0,0,-537.8242105376546
2024-01-01 18:45:00,1,-537.8242105376546,5.3956178782277675,0,0,0,0.999837498809287,0.9998143867994763,0.999687900509914,0.9919541798957675,0.990290916544773,0.9836658109859422,0.9892750647742281,0.9876219734860644,0.9809929562222846,0.9839371482218074,0.9823045797309233,0.9756677937373304,0.9839372237211277,0.9823046551466859,0,0,0,0,0,0,0,0,0,0,0,-537.8242105376546
2024-01-01 19:00:00,1,-537.8242105376546,5.3956178782277675,0,0,0,0.999837498809287,0.9998143867994763,0.999687900509914,0.9919541798957675,0.990290916544773,0.9836658109859422,0.9892750647742281,0.9876219734860644,0.9809929562222846,0.9839371482218074,0.9823045797309233,0.9756677937373304,0.9839372237211277,0.9823046551466859,0,0,0,0,0,0,0,0,0,0,0,-537.8242105376546
2024-01-01 19:15:00,1,-537.8242105376546,5.3956178782277675,0,0,0,0.999837498809287,0.9998143867994763,0.999687900509914,0.9919541798957675,0.990290916544773,0.9836658109859422,0.9892750647742281,0.9876219734860644,0.9809929562222846,0.9839371482218074,0.9823045797309233,0.9756677937373304,0.9839372237211277,0.9823046551466859,0,0,0,0,0,0,0,0,0,0,0,-537.8242105376546
2024-01-01 19:30:00,1,-537.8242105376546,5.3956178782277675,0,0,0,0.999837498809287,0.9998143867994763,0.999687900509914,0.9919541798957675,0.990290916544773,0.9836658109859422,0.9892750647742281,0.9876219734860644,0.9809929562222846,0.9839371482218074,0.9823045797309233,0.9756677937373304,0.9839372237211277,0.9823046551466859,0,0,0,0,0,0,0,0,0,0,0,-537.8242105376546
2024-01-01 19:45:00,1,-537.8242105376546,5.3956178782277675,0,0,0,0.999837498809287,0.9998143867994763,0.999687900509914,0.9919541798957675,0.990290916544773,0.9836658109859422,0.9892750647742281,0.9876219734860644,0.9809929562222846,0.9839371482218074,0.9823045797309233,0.9756677937373304,0.9839372237211277,0.9823046551466859,0,0,0,0,0,0,0,0,0,0,0,-537.8242105376546
2024-01-01 20:00:00,1,-537.8242105376546,5.3956178782277675,0,0,0,0.999837498809287,0.9998143867994763,0.999687900509914,0.9919541798957675,0.990290916544773,0.9836658109859422,0.9892750647742281,0.9876219734860644,0.9809929562222846,0.9839371482218074,0.9823045797309233,0.9756677937373304,0.9839372237211277,0.9823046551466859,0,0,0,0,0,0,0,0,0,0,0,-537.8242105376546
2024-01-01 20:15:00,1,-537.8242105376546,5.3956178782277675,0,0,0,0.999837498809287,0.9998143867994763,0.999687900509914,0.9919541798957675,0.990290916544773,0.9836658109859422,0.9892750647742281,0.9876219734860644,0.9809929562222846,0.9839371482218074,0.9823045797309233,0.9756677937373304,0.9839372237211277,0.9823046551466859,0,0,0,0,0,0,0,0,0,0,0,-537.8242105376546
2024-01-01 20:30:00,1,-537.8242105376546,5.3956178782277675,0,0,0,0.999837498809287,0.9998143867994763,0.999687900509914,0.9919541798957675,0.990290916544773,0.9836658109859422,0.9892750647742281,0.9876219734860644,0.9809929562222846,0.9839371482218074,0.9823045797309233,0.9756677937373304,0.9839372237211277,0.9823046551466859,0,0,0,0,0,0,0,0,0,0,0,-537.8242105376546
2024-01-01 20:45:00,1,-537.8242105376546,5.3956178782277675,0,0,0,0.999837498809287,0.9998143867994763,0.999687900509914,0.9919541798957675,0.990290916544773,0.9836658109859422,0.9892750647742281,0.9876219734860644,0.9809929562222846,0.9839371482218074,0.9823045797309233,0.9756677937373304,0.9839372237211277,0.9823046551466859,0,0,0,0,0,0,0,0,0,0,0,-537.8242105376546
2024-01-01 21:00:00,1,-537.8242105376546,5.3956178782277675,0,0,0,0.999837498809287,0.9998143867994763,0.999687900509914,0.9919541798957675,0.990290916544773,0.9836658109859422,0.9892750647742281,0.9876219734860644,0.9809929562222846,0.9839371482218074,0.9823045797309233,0.9756677937373304,0.9839372237211277,0.9823046551466859,0,0,0,0,0,0,0,0,0,0,0,-537.8242105376546
2024-01-01 21:15:00,1,-537.8242105376546,5.3956178782277675,0,0,0,0.999837498809287,0.9998143867994763,0.999687900509914,0.9919541798957675,0.990290916544773,0.9836658109859422,0.9892750647742281,0.9876219734860644,0.9809929562222846,0.9839371482218074,0.9823045797309233,0.9756677937373304,0.9839372237211277,0.9823046551466859,0,0,0,0,0,0,0,0,0,0,0,-537.8242105376546
2024-01-01 21:30:00,1,-537.8242105376546,5.3956178782277675,0,0,0,0.999837498809287,0.9998143867994763,0.999687900509914,0.9919541798957675,0.990290916544773,0.9836658109859422,0.9892750647742281,0.9876219734860644,0.9809929562222846,0.9839371482218074,0.9823045797309233,0.9756677937373304,0.9839372237211277,0.9823046551466859,0,0,0,0,0,0,0,0,0,0,0,-537.8242105376546
2024-01-01 21:45:00,1,-537.8242105376546,5.3956178782277675,0,0,0,0.999837498809287,0.9998143867994763,0.999687900509914,0.9919541798957675,0.990290916544773,0.9836658109859422,0.9892750647742281,0.9876219734860644,0.9809929562222846,0.9839371482218074,0.9823045797309233,0.9756677937373304,0.9839372237211277,0.9823046551466859,0,0,0,0,0,0,0,0,0,0,0,-537.8242105376546
2024-01-01 22:00:00,1,-537.8242105376546,5.3956178782277675,0,0,0,0.999837498809287,0.9998143867994763,0.999687900509914,0.9919541798957675,0.990290916544773,0.9836658109859422,0.9892750647742281,0.9876219734860644,0.9809929562222846,0.9839371482218074,0.9823045797309233,0.9756677937373304,0.9839372237211277,0.9823046551466859,0,0,0,0,0,0,0,0,0,0,0,-537.8242105376546
2024-01-01 22:15:00,1,-537.8242105376546,5.3956178782277675,0,0,0,0.999837498809287,0.9998143867994763,0.999687900509914,0.9919541798957675,0.990290916544773,0.9836658109859422,0.9892750647742281,0.9876219734860644,0.9809929562222846,0.9839371482218074,0.9823045797309233,0.9756677937373304,0.9839372237211277,0.9823046551466859,0,0,0,0,0,0,0,0,0,0,0,-537.8242105376546
2024-01-01 22:30:00,1,-537.8242105376546,5.3956178782277675,0,0,0,0.999837498809287,0.9998143867994763,0.999687900509914,0.9919541798957675,0.990290916544773,0.9836658109859422,0.9892750647742281,0.9876219734860644,0.9809929562222846,0.9839371482218074,0.9823045797309233,0.9756677937373304,0.9839372237211277,0.9823046551466859,0,0,0,0,0,0,0,0,0,0,0,-537.8242105376546
2024-01-01 22:45:00,1,-537.8242105376546,5.3956178782277675,0,0,0,0.999837498809287,0.9998143867994763,0.999687900509914,0.9919541798957675,0.990290916544773,0.9836658109859422,0.9892750647742281,0.9876219734860644,0.9809929562222846,0.9839371482218074,0.9823045797309233,0.9756677937373304,0.9839372237211277,0.9823046551466859,0,0,0,0,0,0,0,0,0,0,0,-537.8242105376546
2024-01-01 23:00:00,1,-537.8242105376546,5.3956178782277675,0,0,0,0.999837498809287,0.9998143867994763,0.999687900509914,0.9919541798957675,0.990290916544773,0.9836658109859422,0.9892750647742281,0.9876219734860644,0.9809929562222846,0.9839371482218074,0.9823045797309233,0.9756677937373304,0.9839372237211277,0.9823046551466859,0,0,0,0,0,0,0,0,0,0,0,-537.8242105376546
2024-01-01 23:15:00,1,-537.8242105376546,5.3956178782277675,0,0,0,0.999837498809287,0.9998143867994763,0.999687900509914,0.9919541798957675,0.990290916544773,0.9836658109859422,0.9892750647742281,0.9876219734860644,0.9809929562222846,0.9839371482218074,0.9823045797309233,0.9756677937373304,0.9839372237211277,0.9823046551466859,0,0,0,0,0,0,0,0,0,0,0,-537.8242105376546
2024-01-01 23:30:00,1,-537.8242105376546,5.3956178782277675,0,0,0,0.999837498809287,0.9998143867994763,0.999687900509914,0.9919541798957675,0.990290916544773,0.9836658109859422,0.9892750647742281,0.9876219734860644,0.9809929562222846,0.9839371482218074,0.9823045797309233,0.9756677937373304,0.9839372237211277,0.9823046551466859,0,0,0,0,0,0,0,0,0,0,0,-537.8242105376546
2024-01-01 23:45:00,1,-537.8242105376546,5.3956178782277675,0,0,0,0.999837498809287,0.9998143867994763,0.999687900509914,0.9919541798957675,0.990290916544773,0.9836658109859422,0.9892750647742281,0.9876219734860644,0.9809929562222846,0.9839371482218074,0.9823045797309233,0.9756677937373304,0.9839372237211277,0.9823046551466859,0,0,0,0,0,0,0,0,0,0,0,-537.8242105376546
